0,AL-01
1,AL-02
2,AL-03
3,AL-04
4,AL-05
5,AL-06
6,AL-07
7,AK-AL
8,AZ-01
9,AZ-02
10,AZ-03
11,AZ-04
12,AZ-05
13,AZ-06
14,AZ-07
15,AZ-08
16,AR-01
17,AR-02
18,AR-03
19,AR-04
20,CA-01
21,CA-02
22,CA-03
23,CA-04
24,CA-05
25,CA-06
26,CA-07
27,CA-08
28,CA-09
29,CA-10
30,CA-11
31,CA-12
32,CA-13
33,CA-14
34,CA-15
35,CA-16
36,CA-17
37,CA-18
38,CA-19
39,CA-20
40,CA-21
41,CA-22
42,CA-23
43,CA-24
44,CA-25
45,CA-26
46,CA-27
47,CA-28
48,CA-29
49,CA-30
50,CA-31
51,CA-32
52,CA-33
53,CA-34
54,CA-35
55,CA-36
56,CA-37
57,CA-38
58,CA-39
59,CA-40
60,CA-41
61,CA-42
62,CA-43
63,CA-44
64,CA-45
65,CA-46
66,CA-47
67,CA-48
68,CA-49
69,CA-50
70,CA-51
71,CA-52
72,CA-53
73,CO-01
74,CO-02
75,CO-03
76,CO-04
77,CO-05
78,CO-06
79,CO-07
80,CT-01
81,CT-02
82,CT-03
83,CT-04
84,CT-05
85,DE-AL
86,DC-98
87,FL-01
88,FL-02
89,FL-03
90,FL-04
91,FL-05
92,FL-06
93,FL-07
94,FL-08
95,FL-09
96,FL-10
97,FL-11
98,FL-12
99,FL-13
100,FL-14
101,FL-15
102,FL-16
103,FL-17
104,FL-18
105,FL-19
106,FL-20
107,FL-21
108,FL-22
109,FL-23
110,FL-24
111,FL-25
112,GA-01
113,GA-02
114,GA-03
115,GA-04
116,GA-05
117,GA-06
118,GA-07
119,GA-08
120,GA-09
121,GA-10
122,GA-11
123,GA-12
124,GA-13
125,HI-01
126,HI-02
127,ID-01
128,ID-02
129,IL-01
130,IL-02
131,IL-03
132,IL-04
133,IL-05
134,IL-06
135,IL-07
136,IL-08
137,IL-09
138,IL-10
139,IL-11
140,IL-12
141,IL-13
142,IL-14
143,IL-15
144,IL-16
145,IL-17
146,IL-18
147,IL-19
148,IN-01
149,IN-02
150,IN-03
151,IN-04
152,IN-05
153,IN-06
154,IN-07
155,IN-08
156,IN-09
157,IA-01
158,IA-02
159,IA-03
160,IA-04
161,IA-05
162,KS-01
163,KS-02
164,KS-03
165,KS-04
166,KY-01
167,KY-02
168,KY-03
169,KY-04
170,KY-05
171,KY-06
172,LA-01
173,LA-02
174,LA-03
175,LA-04
176,LA-05
177,LA-06
178,LA-07
179,ME-01
180,ME-02
181,MD-01
182,MD-02
183,MD-03
184,MD-04
185,MD-05
186,MD-06
187,MD-07
188,MD-08
189,MA-01
190,MA-02
191,MA-03
192,MA-04
193,MA-05
194,MA-06
195,MA-07
196,MA-08
197,MA-09
198,MA-10
199,MI-01
200,MI-02
201,MI-03
202,MI-04
203,MI-05
204,MI-06
205,MI-07
206,MI-08
207,MI-09
208,MI-10
209,MI-11
210,MI-12
211,MI-13
212,MI-14
213,MI-15
214,MN-01
215,MN-02
216,MN-03
217,MN-04
218,MN-05
219,MN-06
220,MN-07
221,MN-08
222,MS-01
223,MS-02
224,MS-03
225,MS-04
226,MO-01
227,MO-02
228,MO-03
229,MO-04
230,MO-05
231,MO-06
232,MO-07
233,MO-08
234,MO-09
235,MT-AL
236,NE-01
237,NE-02
238,NE-03
239,NV-01
240,NV-02
241,NV-03
242,NH-01
243,NH-02
244,NJ-01
245,NJ-02
246,NJ-03
247,NJ-04
248,NJ-05
249,NJ-06
250,NJ-07
251,NJ-08
252,NJ-09
253,NJ-10
254,NJ-11
255,NJ-12
256,NJ-13
257,NM-01
258,NM-02
259,NM-03
260,NY-01
261,NY-02
262,NY-03
263,NY-04
264,NY-05
265,NY-06
266,NY-07
267,NY-08
268,NY-09
269,NY-10
270,NY-11
271,NY-12
272,NY-13
273,NY-14
274,NY-15
275,NY-16
276,NY-17
277,NY-18
278,NY-19
279,NY-20
280,NY-21
281,NY-22
282,NY-23
283,NY-24
284,NY-25
285,NY-26
286,NY-27
287,NY-28
288,NY-29
289,NC-01
290,NC-02
291,NC-03
292,NC-04
293,NC-05
294,NC-06
295,NC-07
296,NC-08
297,NC-09
298,NC-10
299,NC-11
300,NC-12
301,NC-13
302,ND-AL
303,OH-01
304,OH-02
305,OH-03
306,OH-04
307,OH-05
308,OH-06
309,OH-07
310,OH-08
311,OH-09
312,OH-10
313,OH-11
314,OH-12
315,OH-13
316,OH-14
317,OH-15
318,OH-16
319,OH-17
320,OH-18
321,OK-01
322,OK-02
323,OK-03
324,OK-04
325,OK-05
326,OR-01
327,OR-02
328,OR-03
329,OR-04
330,OR-05
331,PA-01
332,PA-02
333,PA-03
334,PA-04
335,PA-05
336,PA-06
337,PA-07
338,PA-08
339,PA-09
340,PA-10
341,PA-11
342,PA-12
343,PA-13
344,PA-14
345,PA-15
346,PA-16
347,PA-17
348,PA-18
349,PA-19
350,RI-01
351,RI-02
352,SC-01
353,SC-02
354,SC-03
355,SC-04
356,SC-05
357,SC-06
358,SD-AL
359,TN-01
360,TN-02
361,TN-03
362,TN-04
363,TN-05
364,TN-06
365,TN-07
366,TN-08
367,TN-09
368,TX-01
369,TX-02
370,TX-03
371,TX-04
372,TX-05
373,TX-06
374,TX-07
375,TX-08
376,TX-09
377,TX-10
378,TX-11
379,TX-12
380,TX-13
381,TX-14
382,TX-15
383,TX-16
384,TX-17
385,TX-18
386,TX-19
387,TX-20
388,TX-21
389,TX-22
390,TX-23
391,TX-24
392,TX-25
393,TX-26
394,TX-27
395,TX-28
396,TX-29
397,TX-30
398,TX-31
399,TX-32
400,UT-01
401,UT-02
402,UT-03
403,VT-AL
404,VA-01
405,VA-02
406,VA-03
407,VA-04
408,VA-05
409,VA-06
410,VA-07
411,VA-08
412,VA-09
413,VA-10
414,VA-11
415,WA-01
416,WA-02
417,WA-03
418,WA-04
419,WA-05
420,WA-06
421,WA-07
422,WA-08
423,WA-09
424,WV-01
425,WV-02
426,WV-03
427,WI-01
428,WI-02
429,WI-03
430,WI-04
431,WI-05
432,WI-06
433,WI-07
434,WI-08
435,WY-AL
436,PR-98
